{
  "rules": [
    {
      "id": "loanEligibility",
      "conditions": {
        "all": [
          {
            "fact": "age",
            "operator": "greaterThan",
            "value": 21
          },
          {
            "fact": "creditScore",
            "operator": "greaterThan",
            "value": 700
          },
          {
            "fact": "income",
            "operator": "greaterThanOrEqual",
            "value": 50000
          },
          {
            "fact": "existingLoanAmount",
            "operator": "lessThanOrEqual",
            "value": 100000
          }
        ]
      },
      "actions": [
        {
          "type": "grantLoan",
          "message": "The customer is eligible for the loan."
        }
      ],
      "elseActions": [
        {
          "type": "denyLoan",
          "message": "The customer is not eligible for the loan based on current criteria."
        }
      ]
    }
  ]
}
